id,qa_key,question,actual_answer,reasoning_steps,relevant_data_points,calculation_formula,potential_validation_checks,final_answer,confidence_level,validity_assessment,potential_issues,suggested_improvements,validation_confidence,exact_match_accuracy,fuzzy_match_accuracy
Single_JKHY/2009/page_28.pdf-3,qa,what was the percentage change in the net cash from operating activities from 2008 to 2009,14.1%,"To calculate the percentage change in the net cash from operating activities from 2008 to 2009, we need to find the difference between the net cash from operating activities in 2009 and 2008, and then divide that difference by the net cash from operating activities in 2008. Finally, we multiply the result by 100 to get the percentage change.","['Net cash from operating activities in 2008: $181001', 'Net cash from operating activities in 2009: $206588']",Percentage change = ((Net cash from operating activities in 2009 - Net cash from operating activities in 2008) / Net cash from operating activities in 2008) * 100,"['Verify the net cash from operating activities in 2009 and 2008 from the table', 'Perform the calculation using the formula to double-check the result']",14.1,95,High,[],[],1,1,1
Single_RSG/2008/page_114.pdf-2,qa,what was the percent of the growth in the revenues from 2007 to 2008,1.3%,"To calculate the percent growth in revenues from 2007 to 2008, we need to find the difference between the revenues in 2008 and 2007, and then divide that difference by the revenues in 2007. Finally, we multiply the result by 100 to get the percentage.","['Revenue in 2008: $9362.2', 'Revenue in 2007: $9244.9']",Percent Growth = ((Revenue in 2008 - Revenue in 2007) / Revenue in 2007) * 100,['Check if the calculated percentage is reasonable based on the given data'],1.27,95,Medium,['The calculated answer is slightly different from the actual answer.'],"['Check the calculation formula for any potential errors.', 'Consider rounding the final answer to the nearest whole number for better accuracy.']",0,0,1
Single_AAPL/2002/page_23.pdf-1,qa,what was the percentage change in net sales from 2000 to 2001?,-32%,"To calculate the percentage change in net sales from 2000 to 2001, we need to find the difference between the net sales in 2001 and 2000, and then divide that difference by the net sales in 2000. Finally, we multiply the result by 100 to get the percentage change.","Net sales in 2001: $5363, Net sales in 2000: $7983",Percentage Change = ((Net Sales in 2001 - Net Sales in 2000) / Net Sales in 2000) * 100,We can manually calculate the percentage change using the formula and compare it to the given answer.,-32.89,100,High,[],[],1,0,1
Single_UPS/2009/page_33.pdf-2,qa,what was the difference in percentage cumulative return on investment for united parcel service inc . compared to the s&p 500 index for the five year period ended 12/31/09?,-26.16%,"To calculate the difference in percentage cumulative return on investment for United Parcel Service Inc. compared to the S&P 500 index, we need to find the cumulative return for both entities and then calculate the difference in percentage. We can use the data from the table for the respective years.","United Parcel Service Inc. cumulative returns: $100.00, $89.49, $91.06, $87.88, $70.48, $75.95. S&P 500 index cumulative returns: $100.00, $104.91, $121.48, $128.15, $80.74, $102.11.",Percentage Cumulative Return = ((Final Value - Initial Value) / Initial Value) * 100,We can manually calculate the percentage cumulative return for both entities and verify the difference.,7.95,95,Medium,"['The reasoning steps provided are not clear and do not explain how the cumulative returns were calculated.', 'The provided data points for cumulative returns are not consistent with the calculation formula.', 'The final answer provided does not match the actual answer.']","['Provide clear and detailed steps on how to calculate the cumulative returns for both entities.', 'Ensure that the data points provided match the calculation formula.', 'Recalculate the difference in percentage cumulative return using the correct data points and formula.']",0,0,0
Double_UPS/2009/page_33.pdf,qa_0,what is the roi of an investment in ups in 2004 and sold in 2006?,-8.9%,"To calculate the ROI of an investment in UPS in 2004 and sold in 2006, we need to find the change in the stock price and dividends over the period. Looking at the table, the stock price of UPS on 12/31/04 was $100.00 and on 12/31/06 was $91.06. To calculate the ROI, we need to find the percentage change in the stock price. The formula for ROI is (Ending Value - Beginning Value) / Beginning Value * 100. Plugging in the values, we get (91.06 - 100.00) / 100.00 * 100 = -8.94%. Therefore, the ROI of an investment in UPS in 2004 and sold in 2006 is -8.94%.","['12/31/04 stock price of UPS: $100.00', '12/31/06 stock price of UPS: $91.06']",(Ending Value - Beginning Value) / Beginning Value * 100,"['Check the stock prices on 12/31/04 and 12/31/06 in the table', 'Verify the calculation using a financial calculator or spreadsheet software']",-8.94,95,High,[],[],1,0,1
Double_UPS/2009/page_33.pdf,qa_1,what was the difference in percentage cumulative return on investment for united parcel service inc . compared to the s&p 500 index for the five year period ended 12/31/09?,-26.16%,"To calculate the difference in percentage cumulative return on investment for United Parcel Service Inc. compared to the S&P 500 index, we need to find the cumulative return for both entities and then calculate the difference in percentage. We can use the data from the table for the respective years.","['12/31/04', '12/31/09', 'United Parcel Service Inc.', 'S&P 500 index']",Percentage Difference = ((Cumulative Return UPS - Cumulative Return S&P 500) / Cumulative Return S&P 500) * 100,"['Verify the cumulative return values for UPS and S&P 500 from the table', 'Check the calculation using the formula with the given data']",7.14,95,Medium,"['The reasoning steps provided are correct, but the actual answer does not match the calculated answer.']","['Verify the data used for the calculation', 'Recheck the calculation formula']",0,0,0
Single_CE/2010/page_134.pdf-2,qa,what portion of the total shares subject to outstanding awards is under the 2009 global incentive plan?,70.1%,"To find the portion of the total shares subject to outstanding awards that is under the 2009 global incentive plan, we need to divide the shares subject to outstanding awards under the 2009 global incentive plan by the total shares subject to outstanding awards.","['Shares subject to outstanding awards under the 2009 global incentive plan: 2530454', 'Total shares subject to outstanding awards: 2530454 + 5923147 = 8453601']",Portion = (Shares subject to outstanding awards under the 2009 global incentive plan) / (Total shares subject to outstanding awards),"['Verify that the portion is between 0 and 1, as it represents a fraction of the total shares subject to outstanding awards']",0.299,90%,Medium,['The reasoning incorrectly calculates the portion as 0.299 instead of 70.1%.'],['The calculation formula used in the reasoning is incorrect. The correct formula should be: Portion = (Shares subject to outstanding awards under the 2009 global incentive plan) / (Total shares subject to outstanding awards) * 100 to get the percentage.'],0,0,0
Single_JPM/2013/page_104.pdf-2,qa,what was the percentage increase in litigation reserves in 2012?,15.6%,"To calculate the percentage increase in litigation reserves in 2012, we need to find the difference between the litigation reserves in 2012 and 2011, and then divide that difference by the litigation reserves in 2011. Finally, we multiply the result by 100 to get the percentage increase.","Litigation reserves in 2012: $3.7 billion, Litigation reserves in 2011: $3.2 billion",Percentage Increase = ((Litigation reserves in 2012 - Litigation reserves in 2011) / Litigation reserves in 2011) * 100,We can verify the answer by calculating the percentage increase using the given data and comparing it to the calculated answer.,15.625,95,High,[],[],1,0,1
Double_MAS/2012/page_92.pdf,qa_0,what was the percent of the change in the company 2019s warranty liability from 2011 to 2012,15.7%,"To calculate the percent change in the company's warranty liability from 2011 to 2012, we need to find the difference between the balances at the two years and then calculate the percentage of that difference relative to the balance at 2011.","['balance at january 1', 'balance at december 31']","Percent Change = ((Balance at December 31, 2012 - Balance at January 1, 2011) / Balance at January 1, 2011) * 100","['Verify the values used in the calculation from the table', 'Check the calculation using the given values']",15.686274509803921,95,High,[],None,1,0,1
Double_MAS/2012/page_92.pdf,qa_1,what was the percentage change in the company's warranty liability from 2011 to 2012?,16%,"To calculate the percentage change in the company's warranty liability from 2011 to 2012, we need to find the difference between the balances at December 31, 2012, and January 1, 2012. Then, we divide this difference by the balance at January 1, 2012, and multiply by 100 to get the percentage change.","['balance at january 1', 'balance at december 31']","Percentage Change = ((Balance at December 31, 2012 - Balance at January 1, 2012) / Balance at January 1, 2012) * 100","['Verify the values used in the calculation from the table', 'Check the calculation using the given data points']",15.686274509803921,95,Medium,"['The reasoning steps provided are correct, but the calculated answer does not match the actual answer.']","['Double-check the calculation to ensure accuracy.', 'Verify the data points used in the calculation from the table.']",0,0,1
Single_HIG/2004/page_122.pdf-2,qa,what portion of total obligations are due within the next 3 years?,22.99%,"To calculate the portion of total obligations that are due within the next 3 years, we need to sum up the values in the '1-3 years' and 'less than 1 year' columns from the table. The 'less than 1 year' column represents obligations due within the next year, so we can simply add the values in the '1-3 years' and 'less than 1 year' columns to get the total obligations due within the next 3 years.",Values in the 'less than 1 year' and '1-3 years' columns from the table,Total obligations due within the next 3 years = Value in 'less than 1 year' column + Value in '1-3 years' column,Verify the calculated total obligations due within the next 3 years by manually summing up the values in the 'less than 1 year' and '1-3 years' columns from the table,32906,100,Medium,"[""The reasoning does not take into account the total obligations for each column, only the sum of the values in the 'less than 1 year' and '1-3 years' columns."", 'The actual answer is given as a percentage, while the reasoning calculates the total obligations in monetary value.']","[""To calculate the portion of total obligations that are due within the next 3 years, we need to divide the sum of the values in the 'less than 1 year' and '1-3 years' columns by the total obligations."", 'The final answer should be given as a percentage, not a monetary value.']",0,0,0
Single_SLG/2013/page_133.pdf-4,qa,"for the years ended december 31 , 2013 , 2012 and 2011 , what was the total in millions capitalized to assets associated with compensation expense related to long-term compensation plans , restricted stock and stock options?\\n",12,"To calculate the total amount capitalized to assets associated with compensation expense related to long-term compensation plans, restricted stock, and stock options, we need to sum up the capitalized amounts for each year. From the table, we can see that the capitalized amounts for the years ended December 31, 2013, 2012, and 2011 are $6,713,155, $6,930,381, and $17,365,401, respectively.","['$6,713,155', '$6,930,381', '$17,365,401']",Total capitalized amount = capitalized amount for 2013 + capitalized amount for 2012 + capitalized amount for 2011,"['Verify the capitalized amounts for each year from the table', 'Cross-check the calculation with the original text']","30,008,937",95%,Low,"['The reasoning provided does not match the actual answer.', 'The actual answer is not provided.']","['Provide the actual answer.', 'Revise the reasoning to match the actual answer.']",0,0,0
